<?xml version="1.0" encoding="UTF-8"?>
<project-private xmlns="http://www.netbeans.org/ns/project-private/1">
    <editor-bookmarks xmlns="http://www.netbeans.org/ns/editor-bookmarks/2" lastBookmarkId="0"/>
    <open-files xmlns="http://www.netbeans.org/ns/projectui-open-files/2">
        <group>
            <file>file:/D:/Šuplík/Git/school/Asteroids/src/asteroids/TextElement.java</file>
            <file>file:/D:/Šuplík/Git/school/Asteroids/src/asteroids/LineObject.java</file>
            <file>file:/D:/Šuplík/Git/school/Asteroids/src/asteroids/GameMaster.java</file>
            <file>file:/D:/Šuplík/Git/school/Asteroids/src/asteroids/Platno.java</file>
            <file>file:/D:/Šuplík/Git/school/Asteroids/src/asteroids/Ship.java</file>
            <file>file:/D:/Šuplík/Git/school/Asteroids/src/asteroids/Main.java</file>
            <file>file:/D:/Šuplík/Git/school/Asteroids/src/asteroids/Projectile.java</file>
            <file>file:/D:/Šuplík/Git/school/Asteroids/src/asteroids/Asteroid.java</file>
            <file>file:/D:/Šuplík/Git/school/Asteroids/src/asteroids/Logic.java</file>
        </group>
    </open-files>
</project-private>
