<?xml version="1.0" encoding="UTF-8"?>
<project-private xmlns="http://www.netbeans.org/ns/project-private/1">
    <editor-bookmarks xmlns="http://www.netbeans.org/ns/editor-bookmarks/2" lastBookmarkId="0"/>
    <open-files xmlns="http://www.netbeans.org/ns/projectui-open-files/2">
        <group>
            <file>file:/D:/Šuplík/Git/school/Elite/src/elite/ShipEdit.java</file>
            <file>file:/D:/Šuplík/Git/school/Elite/src/elite/Port.java</file>
            <file>file:/D:/Šuplík/Git/school/Elite/src/elite/Menu.java</file>
            <file>file:/D:/Šuplík/Git/school/Elite/src/elite/ShipMenu.java</file>
            <file>file:/D:/Šuplík/Git/school/Elite/src/elite/PortEdit.java</file>
            <file>file:/D:/Šuplík/Git/school/Elite/src/elite/PortMenu.java</file>
            <file>file:/D:/Šuplík/Git/school/Elite/src/elite/Ship.java</file>
        </group>
    </open-files>
</project-private>
